City_ID,City,Country,Lat,Lng,Max Temp,Humidity,Cloudiness,Wind Speed,Current Description
0,Hobart,AU,-42.8794,147.3294,73.27,70,75,1.99,broken clouds
1,Dikson,RU,73.5069,80.5464,1.78,94,100,18.52,overcast clouds
2,Butaritari,KI,3.0707,172.7902,81.66,80,64,17.58,broken clouds
3,Tiksi,RU,71.6872,128.8694,-10.16,99,32,6.49,scattered clouds
4,East London,ZA,-33.0153,27.9116,68.94,83,0,6.91,clear sky
5,Ushuaia,AR,-54.8,-68.3,55.06,67,40,4.61,scattered clouds
6,Vaini,TO,-21.2,-175.2,82.53,79,100,16.08,light rain
7,Banda Aceh,ID,5.5577,95.3222,85.28,70,37,12.64,scattered clouds
8,Lebu,CL,-37.6167,-73.65,57.33,92,5,4.61,clear sky
9,New Norfolk,AU,-42.7826,147.0587,72.91,51,98,1.99,overcast clouds
10,Bluff,NZ,-46.6,168.3333,68.81,70,93,6.17,overcast clouds
11,Khatanga,RU,71.9667,102.5,-7.2,97,100,6.58,overcast clouds
12,Castro,BR,-24.7911,-50.0119,59.05,99,100,8.52,overcast clouds
13,Ambalavao,MG,-21.8333,46.9333,69.8,67,0,0.69,clear sky
14,Rikitea,PF,-23.1203,-134.9692,77.88,74,93,14.0,overcast clouds
15,Pangnirtung,CA,66.1451,-65.7125,-12.48,99,100,3.06,overcast clouds
16,Mahebourg,MU,-20.4081,57.7,85.24,79,75,3.44,broken clouds
17,Upernavik,GL,72.7868,-56.1549,10.51,71,100,3.91,overcast clouds
18,Puerto Ayora,EC,-0.7393,-90.3518,73.54,95,73,6.67,broken clouds
19,Bambous Virieux,MU,-20.3428,57.7575,85.21,79,75,3.44,broken clouds
20,Mweka,CD,-4.85,21.5667,69.28,95,100,2.21,overcast clouds
21,Cooma,AU,-36.2333,149.1333,65.62,95,100,1.66,light rain
22,Ahipara,NZ,-35.1667,173.1667,73.47,55,100,5.75,overcast clouds
23,Kapaa,US,22.0752,-159.319,75.18,77,20,11.5,few clouds
24,Haverfordwest,GB,51.8017,-4.9691,51.55,96,100,13.0,overcast clouds
25,Coihaique,CL,-45.5752,-72.0662,63.21,51,0,0.0,clear sky
26,Hermanus,ZA,-34.4187,19.2345,65.8,78,33,11.54,scattered clouds
27,Colomi,BO,-17.35,-65.8667,53.08,93,97,3.11,overcast clouds
28,Hilo,US,19.7297,-155.09,73.13,78,75,4.61,broken clouds
29,Mar Del Plata,AR,-38.0023,-57.5575,63.09,79,0,1.99,clear sky
30,Broome,US,42.2506,-75.833,13.37,77,100,1.01,overcast clouds
31,Srednekolymsk,RU,67.45,153.6833,-12.12,98,100,2.46,overcast clouds
32,Monrovia,LR,6.3005,-10.7969,76.77,83,61,2.46,moderate rain
33,Guerrero Negro,MX,27.9769,-114.0611,64.24,42,6,2.42,clear sky
34,Diamantino,BR,-14.4086,-56.4461,71.98,97,100,5.14,moderate rain
35,Meadow Lake,US,34.8014,-106.5436,35.11,50,0,4.0,clear sky
36,Navalmoral De La Mata,ES,39.8916,-5.5406,39.97,39,0,6.08,clear sky
37,Pokosnoye,RU,55.5258,101.0536,1.45,90,97,3.71,overcast clouds
38,Dharchula,IN,29.85,80.5333,58.5,26,0,4.72,clear sky
39,Odweyne,SO,9.4092,45.064,67.96,34,53,12.84,broken clouds
40,Provideniya,RU,64.3833,-173.3,-1.12,97,15,3.0,few clouds
41,Nador,MA,35.174,-2.9287,57.45,88,75,13.8,broken clouds
42,Minab,IR,27.1467,57.0801,71.92,73,39,0.0,haze
43,Sayat,TM,38.7839,63.8803,35.47,64,5,5.08,clear sky
44,Talnakh,RU,69.4865,88.3972,-0.8,96,100,10.27,light snow
45,Atuona,PF,-9.8,-139.0333,77.61,78,12,13.2,few clouds
46,Fairbanks,US,64.8378,-147.7164,3.16,58,100,4.61,overcast clouds
47,Bethel,US,41.3712,-73.414,30.04,88,100,1.99,snow
48,Busselton,AU,-33.65,115.3333,100.04,43,95,8.46,overcast clouds
49,Port Alfred,ZA,-33.5906,26.891,67.35,79,92,5.12,overcast clouds
50,Ponta Delgada,PT,37.7333,-25.6667,57.92,77,20,5.75,few clouds
51,Cape Town,ZA,-33.9258,18.4232,66.61,73,0,5.99,clear sky
52,Ankazoabo,MG,-22.2833,44.5167,79.21,63,0,5.17,clear sky
53,Yenagoa,NG,4.9247,6.2642,74.03,92,94,3.56,overcast clouds
54,Cherskiy,RU,68.75,161.3,-12.05,95,100,0.6,overcast clouds
55,Thompson,CA,55.7435,-97.8558,-5.64,77,100,3.44,overcast clouds
56,Airai,TL,-8.9266,125.4092,73.38,59,100,6.08,overcast clouds
57,Punta Arenas,CL,-53.15,-70.9167,57.31,44,0,6.91,clear sky
58,Bathsheba,BB,13.2167,-59.5167,75.06,83,20,8.05,few clouds
59,Clyde River,CA,70.4692,-68.5914,-9.17,84,100,26.46,snow
60,Hithadhoo,MV,-0.6,73.0833,81.01,66,40,6.73,scattered clouds
61,Panaba,MX,21.2833,-88.2667,69.73,68,82,17.92,broken clouds
62,Georgetown,MY,5.4112,100.3354,91.33,73,20,1.01,haze
63,Saskylakh,RU,71.9167,114.0833,-7.38,95,99,5.61,overcast clouds
64,Krasnyy Chikoy,RU,50.3643,108.7512,1.94,90,84,1.14,broken clouds
65,Yellowknife,CA,62.456,-114.3525,-8.59,83,75,5.75,light snow
66,Raudeberg,NO,61.9875,5.1352,44.2,96,100,8.01,moderate rain
67,Mataura,NZ,-46.1927,168.8643,68.49,34,70,6.4,broken clouds
68,Galesong,ID,-5.3166,119.3661,87.82,71,100,7.09,overcast clouds
69,Hofn,IS,64.2539,-15.2082,28.44,54,43,24.4,scattered clouds
70,Chokwe,MZ,-24.5333,32.9833,75.42,82,87,8.79,overcast clouds
71,Saint-Philippe,RE,-21.3585,55.7679,83.75,76,0,7.25,clear sky
72,Luanda,AO,-8.8368,13.2343,77.0,88,40,4.61,scattered clouds
73,Longyearbyen,SJ,78.2186,15.6401,10.24,67,0,16.11,clear sky
74,Bengkulu,ID,-3.8004,102.2655,83.21,68,100,4.36,light rain
75,Albany,US,42.6001,-73.9662,20.26,69,100,3.0,overcast clouds
76,Itaituba,BR,-4.2761,-55.9836,73.15,98,100,1.54,heavy intensity rain
77,Bredasdorp,ZA,-34.5322,20.0403,65.28,94,43,4.61,scattered clouds
78,Kargil,IN,34.5667,76.1,-5.94,83,54,1.19,broken clouds
79,Vila Do Maio,CV,15.1333,-23.2167,68.79,71,100,16.67,overcast clouds
80,Hohhot,CN,40.8106,111.6522,26.89,36,0,4.47,clear sky
81,Mareeba,AU,-17.0,145.4333,81.32,95,100,1.92,overcast clouds
82,Avarua,CK,-21.2078,-159.775,80.65,78,23,6.91,few clouds
83,Sawakin,SD,19.1059,37.3321,67.23,64,100,12.03,overcast clouds
84,Cairns,AU,-16.9167,145.7667,85.95,62,100,10.36,overcast clouds
85,Mahibadhoo,MV,3.7833,72.9667,82.09,64,77,13.8,broken clouds
86,Ilulissat,GL,69.2167,-51.1,23.02,42,100,23.02,overcast clouds
87,Chokurdakh,RU,70.6333,147.9167,-19.08,87,94,3.11,overcast clouds
88,Whitehorse,CA,60.7161,-135.0538,32.77,74,100,11.5,overcast clouds
89,Semporna,MY,4.4818,118.6112,89.8,70,83,4.92,broken clouds
90,Cirie,IT,45.2351,7.5988,48.31,55,0,6.91,clear sky
91,Marinette,US,45.1,-87.6307,12.65,52,40,3.44,scattered clouds
92,Sorong,ID,-0.8833,131.25,81.61,80,88,6.87,overcast clouds
93,Oranjemund,NA,-28.55,16.4333,62.67,92,12,11.1,few clouds
94,Iqaluit,CA,63.7506,-68.5145,-18.31,68,100,15.01,light snow
95,Barrow,US,71.2906,-156.7887,-3.98,77,100,13.8,haze
96,Sayyan,YE,15.1718,44.3244,51.24,25,5,1.7,clear sky
97,Matara,LK,5.9485,80.5353,84.22,64,11,3.71,few clouds
98,Taclobo,PH,12.3074,122.586,81.28,76,49,2.44,scattered clouds
99,Hamilton,US,39.1834,-84.5333,14.52,82,20,9.22,few clouds
100,Pevek,RU,69.7008,170.3133,-11.16,99,100,1.01,overcast clouds
101,Itaguai,BR,-22.8522,-43.7753,74.88,100,75,3.44,mist
102,Narsaq,GL,60.9167,-46.05,21.42,90,100,6.13,snow
103,Sampit,ID,-2.5333,112.95,80.46,76,100,2.13,overcast clouds
104,Nadym,RU,65.5333,72.5167,-7.71,95,75,8.59,broken clouds
105,Nome,US,64.5011,-165.4064,-10.89,70,0,0.0,clear sky
106,Chaupimarca,PE,-10.4333,-76.5333,36.32,92,100,4.12,overcast clouds
107,San Cristobal,VE,7.7669,-72.225,69.98,83,3,2.82,clear sky
108,Adrar,MR,20.5022,-10.0711,70.92,12,100,3.51,overcast clouds
109,Salalah,OM,17.0151,54.0924,75.29,53,20,2.3,few clouds
110,Kavieng,PG,-2.5744,150.7967,83.5,71,100,1.9,light rain
111,Zabol,AF,32.25,67.25,42.06,41,38,2.42,scattered clouds
112,Tual,ID,-5.6667,132.75,84.51,71,97,15.14,overcast clouds
113,Faanui,PF,-16.4833,-151.75,81.03,74,12,13.71,light rain
114,Chicama,PE,-7.8447,-79.1469,64.94,79,93,5.86,overcast clouds
115,Port Hardy,CA,50.6996,-127.4199,45.75,87,100,3.44,overcast clouds
116,Tasiilaq,GL,65.6145,-37.6368,12.36,69,72,5.3,broken clouds
117,Mineiros,BR,-17.5694,-52.5511,68.05,95,100,7.74,overcast clouds
118,Lucapa,AO,-8.4192,20.7447,64.65,88,100,2.64,overcast clouds
119,Qaanaaq,GL,77.484,-69.3632,-13.65,63,62,8.14,broken clouds
120,Benguela,AO,-12.5763,13.4055,76.15,86,98,2.15,overcast clouds
121,Ribeira Grande,PT,38.5167,-28.7,58.35,62,36,9.22,scattered clouds
122,Dingle,PH,10.9995,122.6711,87.13,64,77,4.97,broken clouds
123,Killybegs,IE,54.6333,-8.45,52.45,91,62,31.72,broken clouds
124,Kruisfontein,ZA,-34.0033,24.7314,64.89,80,97,3.13,overcast clouds
125,Severo-Kurilsk,RU,50.6789,156.125,23.02,73,100,23.76,overcast clouds
126,Manaus,BR,-3.1019,-60.025,77.49,94,0,3.44,light rain
127,Donskoye,RU,45.4552,41.9741,33.93,76,100,6.04,light snow
128,Miyang,CN,24.4042,103.4428,64.08,35,1,12.71,clear sky
129,College,US,64.8569,-147.8028,3.15,57,75,9.22,broken clouds
130,Irituia,BR,-1.7711,-47.4381,71.4,99,100,1.95,overcast clouds
131,Cidreira,BR,-30.1811,-50.2056,69.28,75,29,12.24,scattered clouds
132,Tsiroanomandidy,MG,-18.7667,46.0333,72.09,79,34,2.48,scattered clouds
133,Tabuk,PH,17.4189,121.4443,80.19,79,100,2.19,overcast clouds
134,Ivanivka,UA,46.7208,34.553,30.11,95,79,9.84,broken clouds
135,Dunedin,NZ,-45.8742,170.5036,68.81,60,100,1.01,overcast clouds
136,Verkhoyansk,RU,67.5447,133.385,-25.94,99,98,2.51,overcast clouds
137,Olafsvik,IS,64.8945,-23.7142,26.87,59,21,15.46,few clouds
138,Korla,CN,41.7597,86.1469,26.46,51,2,6.02,clear sky
139,Harrai,IN,22.6167,79.2167,65.35,25,0,3.6,clear sky
140,Vanimo,PG,-2.6741,141.3028,83.71,73,87,7.27,overcast clouds
141,San Quintin,MX,30.4833,-115.95,59.11,51,21,2.55,few clouds
142,Jamestown,US,42.097,-79.2353,11.52,85,100,11.5,overcast clouds
143,Dhari,IN,21.3333,71.0167,71.6,22,31,8.41,scattered clouds
144,Alibag,IN,18.6411,72.8792,80.67,34,41,7.0,scattered clouds
145,Mnogovershinnyy,RU,53.9353,139.9242,-6.07,75,4,5.19,clear sky
146,Thinadhoo,MV,0.5333,72.9333,80.74,67,67,8.59,broken clouds
147,Novokruchininskiy,RU,51.7833,113.7667,-6.07,73,22,3.87,few clouds
148,Naze,JP,28.3667,129.4833,56.32,84,100,8.79,overcast clouds
149,Lufilufi,WS,-13.8745,-171.5986,83.98,74,18,17.31,light rain
150,Yerazgavors,AM,40.7,43.75,-5.03,71,93,0.0,overcast clouds
151,Sinj,HR,43.7036,16.6394,39.09,66,26,5.19,scattered clouds
152,Kambove,CD,-10.8764,26.5969,61.5,96,96,2.17,overcast clouds
153,Aripuana,BR,-9.1667,-60.6333,72.05,99,100,3.4,light rain
154,Merauke,ID,-8.4667,140.3333,86.02,66,100,8.88,overcast clouds
155,Nongstoin,IN,25.5167,91.2667,57.61,39,0,2.42,clear sky
156,Bam,IR,29.106,58.357,51.67,31,33,3.2,scattered clouds
157,Dabakala,CI,8.3667,-4.4333,71.37,45,14,2.37,few clouds
158,Luderitz,NA,-26.6481,15.1594,66.15,75,0,19.73,clear sky
159,Serenje,ZM,-13.2325,30.2352,62.87,97,100,2.59,light rain
160,Coquimbo,CL,-29.9533,-71.3436,60.53,88,0,3.44,clear sky
161,Luhyny,UA,51.082,28.4006,26.92,90,99,16.8,overcast clouds
162,Kaitangata,NZ,-46.2817,169.8464,63.93,72,99,8.28,overcast clouds
163,Touros,BR,-5.1989,-35.4608,70.7,84,100,7.34,heavy intensity rain
164,Nikolskoye,RU,59.7035,30.7861,24.69,98,95,4.72,overcast clouds
165,Ubud,ID,-8.5098,115.2654,85.32,67,99,3.65,overcast clouds
166,Nabire,ID,-3.3667,135.4833,84.97,68,97,6.42,overcast clouds
167,Nanortalik,GL,60.1432,-45.2371,27.03,81,100,13.06,light snow
168,Stokmarknes,NO,68.5646,14.9108,29.5,68,97,8.37,overcast clouds
169,Alofi,NU,-19.0595,-169.9187,78.69,94,72,5.75,broken clouds
170,Tuktoyaktuk,CA,69.4541,-133.0374,-13.0,70,100,19.57,overcast clouds
171,Fortuna,US,40.5982,-124.1573,46.09,87,0,8.05,clear sky
172,Esperance,AU,-33.8667,121.9,91.24,46,0,16.31,clear sky
173,Camopi,GF,3.1655,-52.3158,69.93,100,58,2.24,broken clouds
174,San Jose,US,37.3394,-121.895,57.2,65,75,0.0,broken clouds
175,Deputatskiy,RU,69.3,139.9,-22.27,96,86,1.39,overcast clouds
176,Port Moresby,PG,-9.4431,147.1797,90.82,55,40,10.25,haze
177,Makubetsu,JP,45.3714,141.8211,17.31,79,75,16.11,broken clouds
178,Geraldton,AU,-28.7667,114.6,102.61,24,0,16.11,clear sky
179,Tonantins,BR,-2.8731,-67.8022,72.99,99,96,2.39,moderate rain
180,Ambilobe,MG,-13.2,49.05,79.23,80,85,1.45,overcast clouds
181,Aswan,EG,24.0934,32.907,42.1,60,0,6.91,clear sky
182,Yumen,CN,40.2833,97.2,28.24,29,3,14.47,clear sky
183,Taltal,CL,-25.4,-70.4833,64.96,81,7,1.36,clear sky
184,Najran,SA,17.4924,44.1277,52.45,27,88,2.33,overcast clouds
185,Cardston,CA,49.2,-113.3019,38.88,28,100,8.05,overcast clouds
186,Paraiso,CR,9.8383,-83.8656,63.88,99,92,2.59,overcast clouds
187,Emba,KZ,48.8264,58.1442,9.48,95,99,3.49,overcast clouds
188,Tondano,ID,1.3038,124.9112,78.89,69,97,2.64,overcast clouds
189,San Marcos,US,33.1434,-117.1661,61.32,21,0,3.0,clear sky
190,Klaksvik,FO,62.2266,-6.589,40.12,98,100,25.37,overcast clouds
191,Huarmey,PE,-10.0681,-78.1522,70.23,84,100,6.82,overcast clouds
192,Beloye,UA,48.4952,39.0505,32.85,90,100,13.06,light snow
193,Waipawa,NZ,-41.4122,175.5153,70.43,41,3,2.37,clear sky
194,Victoria,HK,22.2855,114.1577,70.97,82,95,3.0,overcast clouds
195,Ngudu,TZ,-2.9667,33.3333,66.27,79,87,1.72,overcast clouds
196,Palmer,US,42.1584,-72.3287,29.21,73,100,1.01,overcast clouds
197,Kungurtug,RU,50.5994,97.5228,-5.64,90,40,1.66,scattered clouds
198,Machali,CL,-34.1833,-70.6667,61.34,77,0,2.35,clear sky
199,Sitka,US,57.0531,-135.33,42.69,81,100,13.8,light rain
200,Barcelos,PT,41.5388,-8.6151,40.28,65,0,6.35,clear sky
201,Tynset,NO,62.2759,10.7824,28.02,93,100,7.0,overcast clouds
202,Ziro,IN,27.6333,93.8333,47.14,33,0,1.72,clear sky
203,Yar-Sale,RU,66.8333,70.8333,-6.03,97,98,7.78,overcast clouds
204,Clyde,US,41.3042,-82.9752,11.82,82,68,6.69,broken clouds
205,Kodiak,US,57.79,-152.4072,26.11,68,100,18.41,light snow
206,Wasilla,US,61.5814,-149.4394,30.18,62,0,25.32,clear sky
207,Bandarbeyla,SO,9.4942,50.8122,75.13,67,87,18.03,overcast clouds
208,Asosa,ET,10.0667,34.5333,60.87,47,0,6.49,clear sky
209,Ostrovnoy,RU,68.0531,39.5131,13.15,92,98,10.38,overcast clouds
210,Sistranda,NO,63.7256,8.834,42.91,86,100,29.3,overcast clouds
211,Igarka,RU,67.4667,86.5833,-0.89,95,100,16.28,overcast clouds
212,Leh,IN,34.1667,77.5833,5.7,83,53,2.42,broken clouds
213,Ravar,IR,31.2656,56.8055,44.51,26,98,2.17,overcast clouds
214,Carnarvon,AU,-24.8667,113.6333,86.07,58,1,18.41,clear sky
215,Barra Do Garcas,BR,-15.89,-52.2567,70.09,98,88,3.27,overcast clouds
216,Saldanha,ZA,-33.0117,17.9442,59.05,77,0,9.8,clear sky
217,Kasongo-Lunda,CD,-6.4667,16.8167,69.28,89,100,1.68,overcast clouds
218,Tshela,CD,-4.9833,12.9333,71.53,97,95,0.36,overcast clouds
219,Saint-Augustin,CA,51.226,-58.6502,3.2,86,100,10.83,overcast clouds
220,Sawtell,AU,-30.3833,153.1,80.62,79,40,14.97,scattered clouds
221,Mount Gambier,AU,-37.8333,140.7667,72.27,54,39,13.11,scattered clouds
222,Bratsk,RU,56.1325,101.6142,0.34,93,94,3.53,overcast clouds
223,Hailar,CN,49.2,119.7,-0.2,82,15,6.38,few clouds
224,Manokwari,ID,-0.8667,134.0833,82.69,71,62,6.6,broken clouds
225,Vardo,NO,70.3705,31.1107,32.14,59,100,21.25,overcast clouds
226,Puerto Escondido,MX,15.85,-97.0667,76.14,84,15,5.55,few clouds
227,Paamiut,GL,61.994,-49.6678,21.67,80,100,27.65,light snow
228,Kulim,MY,5.365,100.5618,90.93,63,44,4.72,scattered clouds
229,Leningradskiy,RU,69.3833,178.4167,-10.37,90,55,3.96,broken clouds
230,Torbay,CA,47.6666,-52.7314,30.58,88,100,14.97,overcast clouds
231,Almaznyy,RU,48.0448,40.045,30.34,96,100,13.49,overcast clouds
232,Calvinia,ZA,-31.4707,19.776,66.07,57,0,8.86,clear sky
233,Heihe,CN,50.2441,127.4902,5.58,75,43,12.48,scattered clouds
234,Port Elizabeth,ZA,-33.918,25.5701,67.1,82,40,8.05,scattered clouds
235,Hasaki,JP,35.7333,140.8333,48.6,60,100,6.71,overcast clouds
236,Asau,RO,46.4333,26.4,31.12,92,62,4.79,broken clouds
237,Sinnamary,GF,5.3833,-52.95,75.04,86,30,6.13,scattered clouds
238,Kenai,US,60.5544,-151.2583,28.45,74,40,17.27,scattered clouds
239,Labuhan,ID,-6.8844,112.2051,84.99,70,98,8.84,overcast clouds
240,Trincomalee,LK,8.5711,81.2335,81.48,76,15,11.43,few clouds
241,Mao,ES,39.8885,4.2658,48.76,76,20,13.8,few clouds
242,Price,US,39.5994,-110.8107,24.12,73,0,8.05,clear sky
243,Rawson,AR,-43.3002,-65.1023,66.97,82,73,11.72,broken clouds
244,Carauari,BR,-4.8828,-66.8958,72.9,99,100,2.44,light rain
245,Nadvoitsy,RU,63.8667,34.3167,3.85,98,93,5.08,overcast clouds
246,Hami,CN,42.8,93.45,26.11,41,2,4.41,clear sky
247,Sao Filipe,CV,14.8961,-24.4956,70.41,70,88,10.65,overcast clouds
248,Nerchinsk,RU,51.9833,116.5833,-4.18,88,23,1.19,few clouds
249,Makakilo City,US,21.3469,-158.0858,73.72,73,0,5.75,clear sky
250,Ancud,CL,-41.8697,-73.8203,49.42,83,0,2.44,clear sky
251,Ponta Do Sol,PT,32.6667,-17.1,60.01,61,65,5.39,broken clouds
252,Vila Franca Do Campo,PT,37.7167,-25.4333,57.61,86,29,9.24,scattered clouds
253,Santa Rosa,PH,14.3122,121.1114,92.1,67,15,7.0,few clouds
254,North Bend,US,43.4065,-124.2243,43.92,100,0,3.44,clear sky
255,Otradnoye,RU,59.7775,30.8181,24.85,98,96,4.63,overcast clouds
256,San Policarpo,PH,12.1791,125.5072,81.61,80,99,6.89,overcast clouds
257,West Helena,US,34.5507,-90.6418,30.6,48,0,8.7,clear sky
258,Santarem,BR,-2.4431,-54.7083,73.53,100,100,3.44,moderate rain
259,Port-Cartier,CA,50.0334,-66.8654,-9.29,97,21,7.14,few clouds
260,Takaka,NZ,-40.85,172.8,75.97,47,13,2.21,few clouds
261,Araouane,ML,18.9048,-3.5265,64.47,18,33,10.89,scattered clouds
262,Charyshskoye,RU,51.3978,83.5598,16.27,69,70,1.88,broken clouds
263,Itarema,BR,-2.9248,-39.9167,73.47,83,100,3.42,overcast clouds
264,Maneadero,MX,31.7167,-116.5667,57.18,26,24,9.04,few clouds
265,Nelson Bay,AU,-32.7167,152.15,87.76,67,2,4.0,clear sky
266,Am Timan,TD,11.0297,20.2827,64.44,23,11,5.95,few clouds
267,Porto Walter,BR,-8.2686,-72.7439,74.41,93,100,2.98,overcast clouds
268,Piacabucu,BR,-10.4056,-36.4344,78.01,81,100,10.0,light rain
269,Bani Walid,LY,31.7566,13.9942,44.85,44,0,8.86,clear sky
270,Kuytun,RU,54.3419,101.5036,-4.83,96,98,2.91,overcast clouds
271,Newport,GB,51.5877,-2.9984,51.85,93,99,3.0,overcast clouds
272,Acapulco,MX,16.8634,-99.8901,75.02,88,40,2.3,scattered clouds
273,Balotra,IN,25.8333,72.2333,69.4,16,0,4.32,clear sky
274,Nishihara,JP,26.1842,127.7558,65.48,88,75,11.5,broken clouds
275,Moose Factory,CA,51.2585,-80.6094,-16.6,76,0,3.44,clear sky
276,Floresta,BR,-8.6011,-38.5686,73.99,80,100,13.91,light rain
277,Blackwater,AU,-23.5833,148.8833,94.75,25,7,11.36,clear sky
278,Kyren,RU,51.6828,102.1408,6.62,84,28,1.14,scattered clouds
279,Koumac,NC,-20.5667,164.2833,84.16,72,98,14.29,overcast clouds
280,Benjamin Hill,MX,30.1667,-111.1,58.17,27,90,7.87,overcast clouds
281,Chuy,UY,-33.6971,-53.4616,63.5,79,0,3.96,clear sky
282,Jamame,SO,0.0722,42.7506,79.02,73,100,13.65,overcast clouds
283,Arraial Do Cabo,BR,-22.9661,-42.0278,75.52,93,98,8.1,overcast clouds
284,Malanje,AO,-9.5402,16.341,64.89,97,100,5.97,overcast clouds
285,Kaifeng,CN,34.7911,114.3483,38.26,61,92,5.97,overcast clouds
286,Zahirabad,IN,17.6833,77.6167,72.28,20,20,8.37,few clouds
287,Lagos,NG,6.5833,3.75,77.32,91,15,3.89,few clouds
288,Bonfim,BR,3.0833,-59.95,79.2,60,93,10.18,overcast clouds
289,Lerwick,GB,60.1545,-1.1494,50.0,92,100,37.13,overcast clouds
290,Garden City,US,42.3256,-83.331,12.02,78,75,3.44,broken clouds
291,Norman Wells,CA,65.282,-126.8329,-11.16,70,100,6.91,light snow
292,Indore,IN,22.7179,75.8333,66.38,34,0,4.61,haze
293,Mustafakemalpasa,TR,40.0353,28.4117,39.11,83,100,1.43,overcast clouds
294,Desbiens,CA,48.4178,-71.9495,-21.35,97,44,2.3,scattered clouds
295,Yerbogachen,RU,61.2767,108.0108,-6.88,96,94,6.78,overcast clouds
296,Bandar-E Lengeh,IR,26.5579,54.8807,64.51,63,1,4.61,clear sky
297,Lebork,PL,54.5392,17.7501,34.92,89,100,11.16,overcast clouds
298,Taksimo,RU,56.3444,114.8794,-0.35,85,59,0.76,broken clouds
299,Qarayeri,AZ,40.7886,46.3066,31.08,59,40,4.61,scattered clouds
300,Toora-Khem,RU,52.4675,96.11,-6.02,94,94,2.35,overcast clouds
301,Atar,MR,20.5169,-13.0499,69.49,26,100,5.32,overcast clouds
302,Glenluce,GB,54.8798,-4.8084,53.29,84,59,26.78,broken clouds
303,Cabedelo,BR,-6.9811,-34.8339,72.27,79,100,8.12,overcast clouds
304,Pacific Grove,US,36.6177,-121.9166,56.43,46,0,1.99,clear sky
305,Rio Grande,BR,-32.035,-52.0986,66.31,64,3,9.84,clear sky
306,Mackenzie,CA,55.2999,-123.1698,30.42,86,100,8.05,overcast clouds
307,Pangkah,ID,-6.9858,109.1693,90.99,68,97,7.23,overcast clouds
308,Komsomolskiy,UZ,40.4272,71.7189,36.32,87,75,4.61,mist
309,Souillac,MU,-20.5167,57.5167,85.35,79,75,3.44,broken clouds
310,Aykhal,RU,66.0,111.5,-11.83,99,85,6.17,overcast clouds
311,Juba,SS,4.8517,31.5825,72.27,32,93,0.98,overcast clouds
312,Buala,SB,-8.145,159.5921,82.81,78,100,4.5,moderate rain
313,Talaya,RU,61.3833,152.75,-3.98,94,100,5.91,overcast clouds
314,Yulara,AU,-25.2406,130.9889,94.84,34,40,19.57,scattered clouds
315,Shentala,RU,54.45,51.4833,3.24,97,99,4.21,overcast clouds
316,Visby,SE,57.6409,18.296,35.76,86,100,17.27,light snow
317,Joensuu,FI,62.6012,29.7632,18.09,100,100,5.75,overcast clouds
318,Awbari,LY,26.5921,12.7805,40.86,55,4,3.36,clear sky
319,Kununurra,AU,-15.7667,128.7333,93.18,62,75,9.22,broken clouds
320,Lappeenranta,FI,61.0587,28.1887,19.45,93,75,3.44,broken clouds
321,Ust-Kuyga,RU,70.0167,135.6,-29.4,100,92,2.64,overcast clouds
322,Norway,US,45.7869,-87.9037,1.89,70,75,0.0,broken clouds
323,Mount Pleasant,US,32.7941,-79.8626,43.18,64,100,1.99,overcast clouds
324,Namibe,AO,-15.1961,12.1522,70.92,83,100,6.46,overcast clouds
325,Taoudenni,ML,22.6783,-3.9836,68.31,12,100,10.47,overcast clouds
326,Bilma,NE,18.6853,12.9164,52.43,24,0,10.51,clear sky
327,Berdigestyakh,RU,62.0989,126.6992,-10.66,95,100,6.6,overcast clouds
328,Aklavik,CA,68.2191,-135.0107,-19.37,88,6,6.24,clear sky
329,Magadan,RU,59.5667,150.8,12.51,74,97,14.85,overcast clouds
330,Orange Cove,US,36.6244,-119.3137,51.57,50,100,3.18,overcast clouds
331,Cabo San Lucas,MX,22.8909,-109.9124,70.52,60,8,3.65,clear sky
332,Kalmunai,LK,7.4167,81.8167,81.86,74,29,2.98,scattered clouds
333,Qaqortoq,GL,60.7167,-46.0333,21.7,78,100,12.48,light snow
334,Lazaro Cardenas,MX,17.9583,-102.2,74.34,78,3,1.79,clear sky
335,Port Hedland,AU,-20.3167,118.5667,93.25,55,88,20.71,overcast clouds
336,Along,IN,28.1667,94.7667,65.28,34,0,1.28,clear sky
337,Rosarito,MX,32.3333,-117.0333,61.54,26,9,9.15,clear sky
338,Lloydminster,CA,53.2835,-110.0016,30.42,59,100,10.36,overcast clouds
339,Nemuro,JP,43.3236,145.575,28.83,62,44,12.33,scattered clouds
340,Vestmanna,FO,62.1564,-7.1664,38.32,70,100,20.71,overcast clouds
341,Boa Vista,BR,2.8197,-60.6733,78.78,65,20,10.36,few clouds
342,Bridgetown,BB,13.1,-59.6167,74.93,83,20,8.05,few clouds
343,Harper,LR,4.375,-7.7169,78.03,83,59,2.68,broken clouds
344,Pervomayskiy,RU,53.2485,40.2871,18.12,97,95,6.71,light snow
345,Constitucion,CL,-35.3333,-72.4167,56.23,94,7,4.68,clear sky
346,La Asuncion,VE,11.0333,-63.8628,74.93,94,17,5.75,few clouds
347,Husavik,IS,66.0449,-17.3389,28.31,92,100,26.24,snow
348,Chumikan,RU,54.7183,135.315,-3.6,79,78,18.37,broken clouds
349,Kavaratti,IN,10.5669,72.642,80.69,72,9,10.11,clear sky
350,Brae,GB,60.3964,-1.353,49.91,93,100,35.86,overcast clouds
351,Ambulu,ID,-8.345,113.6058,85.51,64,98,4.9,overcast clouds
352,San Juan,AR,-31.5375,-68.5364,78.22,50,27,2.8,scattered clouds
353,Lahan,NP,26.7296,86.4951,65.3,47,0,6.89,clear sky
354,Hay River,CA,60.8156,-115.7999,-2.22,84,75,3.44,light snow
355,Sinjai,ID,-5.1241,120.253,85.21,60,100,2.82,overcast clouds
356,Fort Nelson,CA,58.8053,-122.7002,13.59,85,100,6.91,light snow
357,Sisimiut,GL,66.9395,-53.6735,12.13,84,100,28.23,light snow
358,Umm Kaddadah,SD,13.6017,26.6876,50.54,21,59,17.47,broken clouds
359,Ormara,PK,25.2088,64.6357,68.67,60,0,5.01,clear sky
360,Margate,GB,51.3813,1.3862,51.96,85,43,4.0,scattered clouds
361,Port Shepstone,ZA,-30.7414,30.455,71.83,75,16,12.73,few clouds
362,Balabac,PH,7.9868,117.0645,83.1,72,96,3.24,overcast clouds
363,Inuvik,CA,68.3499,-133.7218,-19.34,76,0,3.44,clear sky
364,Isangel,VU,-19.55,169.2667,78.91,94,100,6.91,shower rain
365,Mahabad,IR,36.7631,45.7222,19.58,94,20,7.7,few clouds
366,Mogadishu,SO,2.0371,45.3438,76.73,73,98,20.6,overcast clouds
367,Channel-Port Aux Basques,CA,47.5702,-59.1367,32.11,98,100,18.48,snow
368,Batagay-Alyta,RU,67.8006,130.4114,-6.0,95,98,4.07,overcast clouds
369,Weligama,LK,5.9667,80.4167,84.15,64,14,2.53,few clouds
370,Westport,US,41.1415,-73.3579,31.32,93,100,1.99,snow
371,Rocha,UY,-34.4833,-54.3333,58.46,81,0,3.56,clear sky
372,Ulladulla,AU,-35.35,150.4667,78.1,88,100,2.64,heavy intensity rain
373,Arukula,EE,59.3644,25.0772,22.01,87,0,6.91,clear sky
374,Santa Cruz,BO,-17.8,-63.1667,76.46,73,75,12.66,broken clouds
375,Tura,IN,25.5198,90.2201,68.11,33,0,3.11,clear sky
376,Bokoro,TD,12.3807,17.0568,57.97,16,6,11.12,clear sky
377,Pingliang,CN,35.5392,106.6861,27.68,78,100,5.3,overcast clouds
378,Ahraura,IN,25.0167,83.0167,62.44,37,0,8.23,clear sky
379,Tabas,IR,33.5959,56.9244,47.16,29,0,0.58,clear sky
380,Vaasa,FI,63.096,21.6158,30.22,86,100,11.5,overcast clouds
381,Alanya,TR,36.5438,31.9998,39.33,55,3,7.43,clear sky
382,Bairiki,KI,1.3292,172.9752,84.2,74,40,13.8,light rain
383,Zhangjiakou,CN,40.81,114.8794,25.68,37,0,2.71,clear sky
384,Saryg-Sep,RU,51.5,95.6,-5.93,90,68,2.26,broken clouds
385,Maningrida,AU,-12.0667,134.2667,85.77,72,99,14.38,light rain
386,Basco,PH,20.4487,121.9702,75.07,80,86,27.07,light rain
387,Cayenne,GF,4.9333,-52.3333,74.08,91,100,0.0,overcast clouds
388,Vostok,RU,46.4856,135.8833,-3.21,88,100,11.32,overcast clouds
389,Pedernales,DO,18.0384,-71.744,74.59,75,2,3.02,clear sky
390,Temir,KZ,49.1414,57.13,14.45,92,100,3.44,overcast clouds
391,Bulawayo,ZW,-20.15,28.5833,64.45,91,92,5.93,overcast clouds
392,Bluefields,NI,12.0137,-83.7635,73.71,85,5,5.28,clear sky
393,Bud,US,39.447,-86.1758,12.45,65,11,7.61,few clouds
394,Dodge City,US,37.7528,-100.0171,34.25,62,0,8.01,clear sky
395,Bonthe,SL,7.5264,-12.505,76.51,87,12,4.45,few clouds
396,Serebryansk,KZ,49.6925,83.2892,-2.29,94,77,6.33,broken clouds
397,Pimentel,PE,-6.8367,-79.9342,70.12,82,100,10.36,overcast clouds
398,Cochrane,CA,51.1834,-114.4687,40.24,37,100,5.75,overcast clouds
399,Zakamensk,RU,50.3741,103.2863,10.04,73,80,2.51,broken clouds
400,Abu Dhabi,AE,24.4667,54.3667,68.11,70,0,8.05,clear sky
401,Acari,PE,-15.4311,-74.6158,70.39,78,56,2.71,broken clouds
402,Orlik,RU,52.5178,99.825,-8.64,91,82,0.54,broken clouds
403,Atherton,GB,53.5237,-2.4935,53.29,80,100,8.01,overcast clouds
404,Flin Flon,CA,54.7682,-101.865,3.24,97,100,4.03,overcast clouds
405,Tezu,IN,27.9167,96.1667,68.18,24,0,4.18,clear sky
406,Kanker,IN,20.2719,81.4931,70.77,26,4,4.21,clear sky
407,Saint-Pierre,RE,-21.3393,55.4781,83.84,69,20,11.5,few clouds
408,Ozamiz,PH,8.1458,123.8444,86.34,71,47,2.15,scattered clouds
409,Karlstad,SE,59.3793,13.5036,37.96,100,100,17.27,light rain
410,Maldonado,UY,-34.6667,-54.9167,65.59,80,0,5.44,clear sky
411,Fethiye,TR,36.6217,29.1164,31.87,54,23,6.29,few clouds
412,Biloela,AU,-24.4167,150.5,95.18,26,21,11.01,few clouds
413,Erzin,TR,36.9559,36.2,36.32,74,25,4.81,scattered clouds
414,Kupang,ID,-10.1667,123.5833,84.78,79,75,10.36,broken clouds
415,Los Llanos De Aridane,ES,28.6585,-17.9182,55.15,67,0,9.22,clear sky
416,Ridgecrest,US,35.6225,-117.6709,46.15,25,0,6.91,clear sky
417,Egvekinot,RU,66.3167,-179.1667,-4.79,74,62,4.0,broken clouds
418,Shemonaikha,KZ,50.6328,81.9056,4.19,92,81,3.69,broken clouds
419,Beira,MZ,-19.8436,34.8389,78.89,94,40,5.75,scattered clouds
420,Ust-Tsilma,RU,65.441,52.1498,10.81,94,100,8.21,light snow
421,Mabama,TZ,-5.1333,32.5333,66.33,91,100,3.13,overcast clouds
422,Sharjah,AE,25.3573,55.4033,72.25,74,1,5.75,clear sky
423,Alice Springs,AU,-23.7,133.8833,80.15,83,75,0.0,light rain
424,Kiunga,PG,-6.1219,141.2906,86.99,56,94,1.7,overcast clouds
425,Puerto Colombia,CO,10.9878,-74.9547,77.09,86,64,24.43,broken clouds
426,Cap Malheureux,MU,-19.9842,57.6142,85.46,66,1,7.0,clear sky
427,Codrington,AU,-38.2667,141.9667,66.9,68,100,14.81,overcast clouds
428,Zarand,IR,30.8127,56.564,44.73,42,100,3.15,overcast clouds
429,Haines Junction,CA,60.7522,-137.5108,15.75,73,100,2.3,overcast clouds
430,Boysun,UZ,38.2061,67.1986,35.44,61,24,1.48,few clouds
431,Pijijiapan,MX,15.7011,-93.23,76.89,68,2,9.44,clear sky
432,Hammerfest,NO,70.6634,23.6821,18.05,79,20,4.61,few clouds
433,Gra Liyia,GR,35.0167,25.6833,46.58,63,49,0.49,scattered clouds
434,Moron,AR,-34.6534,-58.6198,70.99,83,0,6.73,clear sky
435,Karratha,AU,-20.7377,116.8463,91.89,47,42,18.1,scattered clouds
436,Tabou,CI,4.423,-7.3528,78.06,83,58,1.48,broken clouds
437,Port Lincoln,AU,-34.7333,135.8667,73.29,63,66,15.46,broken clouds
438,Portland,US,45.5234,-122.6762,41.77,70,0,1.01,clear sky
439,Kieta,PG,-6.2167,155.6333,83.82,76,72,6.33,moderate rain
440,Mehamn,NO,71.0357,27.8492,23.85,66,100,4.94,overcast clouds
441,Ulety,RU,51.3572,112.4849,4.5,79,44,3.89,scattered clouds
442,Wanaka,NZ,-44.7,169.15,76.1,31,74,7.0,broken clouds
443,Sao Joao Da Barra,BR,-21.6403,-41.0511,75.31,90,67,16.24,broken clouds
444,Jieshi,CN,22.8134,115.8257,70.95,71,59,14.81,broken clouds
445,Yanam,IN,16.7333,82.2167,81.0,55,70,7.63,broken clouds
446,Kapit,MY,2.0167,112.9333,91.38,53,77,1.9,broken clouds
447,Kalabo,ZM,-14.97,22.6814,64.35,96,100,8.19,light rain
448,Nouakchott,MR,18.0858,-15.9785,67.93,49,100,11.1,overcast clouds
449,Mogok,MM,22.9167,96.5,66.24,44,1,2.42,clear sky
450,Goregaon,IN,18.1667,73.3,83.39,22,59,5.19,broken clouds
451,Tuatapere,NZ,-46.1333,167.6833,68.83,55,100,2.21,overcast clouds
452,Bambanglipuro,ID,-7.95,110.2833,85.3,65,73,7.56,broken clouds
453,Peniche,PT,39.3558,-9.3811,52.45,42,0,12.57,clear sky
454,Durham,US,36.0335,-78.8664,38.52,86,100,1.99,overcast clouds
455,Maryville,US,35.7565,-83.9705,31.68,85,100,4.0,overcast clouds
456,Quatre Cocos,MU,-20.2078,57.7625,85.08,75,5,10.65,clear sky
457,Cumbum,IN,9.7333,77.3,76.12,65,74,6.46,broken clouds
458,Sorland,NO,67.667,12.6934,32.85,81,100,30.2,light snow
459,North Platte,US,41.1239,-100.7654,33.08,57,0,4.0,clear sky
460,Kushmurun,KZ,52.4503,64.6311,7.74,85,100,6.26,overcast clouds
461,Novoagansk,RU,61.9449,76.6625,-11.49,100,96,5.35,overcast clouds
462,Nouadhibou,MR,20.931,-17.0347,58.98,88,97,16.11,overcast clouds
463,Awjilah,LY,29.1081,21.2869,49.42,82,37,8.12,scattered clouds
464,Lapao,BR,-11.3833,-41.8319,67.77,83,99,3.83,overcast clouds
465,Zemio,CF,5.0314,25.1361,63.54,30,14,3.85,few clouds
466,Bafq,IR,31.6128,55.4107,45.1,26,100,0.45,overcast clouds
467,Monster,NL,52.0258,4.175,48.97,81,75,8.99,broken clouds
468,Jeremie,HT,18.65,-74.1167,74.98,81,13,5.84,few clouds
469,Lidkoping,SE,58.5052,13.1577,40.89,3,100,20.31,overcast clouds
470,Dongsheng,CN,39.8161,109.9776,25.63,36,0,10.18,clear sky
471,Benxi,CN,41.2886,123.765,21.52,45,1,5.44,clear sky
472,Samarai,PG,-10.6167,150.6667,85.46,66,100,6.93,moderate rain
473,Galle,LK,6.0367,80.217,82.98,67,27,1.88,scattered clouds
474,Phan Thiet,VN,10.9333,108.1,87.46,48,12,9.42,few clouds
475,Stornoway,GB,58.2093,-6.3865,51.93,92,75,17.0,broken clouds
476,Batemans Bay,AU,-35.7167,150.1833,80.2,80,100,6.17,moderate rain
477,Teya,RU,60.3778,92.6267,7.5,92,100,6.8,light snow
478,Mufulira,ZM,-12.5498,28.2407,63.68,97,100,2.62,overcast clouds
479,Mahenge,TZ,-8.6833,36.7167,62.53,97,100,0.51,light rain
480,Yichun,CN,47.7,128.9,4.95,62,85,10.67,overcast clouds
481,Kidal,ML,18.4411,1.4078,60.48,17,1,14.14,clear sky
482,Strezhevoy,RU,60.7333,77.5889,-7.02,100,92,3.87,overcast clouds
483,Temba,ZA,-25.3803,28.2631,67.39,80,94,14.14,overcast clouds
484,Galveston,US,29.3669,-94.9669,51.94,61,0,7.9,clear sky
485,Lompoc,US,34.6391,-120.4579,58.19,58,0,0.0,clear sky
486,Ambon,ID,-3.6954,128.1814,91.54,55,20,13.8,few clouds
487,Shingu,JP,33.7333,135.9833,50.99,36,90,8.48,overcast clouds
488,Alberton,CA,46.8168,-64.0654,19.53,91,100,12.39,light snow
489,Tiquisio,CO,8.5597,-74.2669,73.54,96,41,2.82,scattered clouds
490,Mount Isa,AU,-20.7333,139.5,80.37,89,75,11.5,light rain
491,Poum,NC,-20.2333,164.0167,82.4,75,85,10.96,overcast clouds
492,Chhabra,IN,24.6667,76.8333,64.69,29,0,2.33,clear sky
493,Kvarkeno,RU,52.0833,59.725,8.46,90,100,7.34,overcast clouds
494,Dalvik,IS,65.9702,-18.5286,28.33,95,97,9.53,snow
495,Mayskiy,RU,47.6931,40.1025,31.44,98,100,12.66,light snow
496,Syracuse,IT,37.0881,15.2792,47.89,79,16,15.19,few clouds
497,Ambalema,CO,4.7841,-74.7627,79.03,86,41,3.2,scattered clouds
498,Orotukan,RU,62.2667,151.7,-3.71,99,100,4.45,light snow
499,Taybad,IR,34.74,60.7756,40.55,74,70,11.52,broken clouds
500,Gravelbourg,CA,49.8834,-106.5512,26.87,79,86,11.43,overcast clouds
501,Toktogul,KG,41.8708,72.9402,27.59,95,100,1.3,light snow
502,Menongue,AO,-14.6585,17.691,62.11,97,100,6.04,light rain
503,Kahului,US,20.8947,-156.47,75.22,73,0,9.22,clear sky
504,Berlevag,NO,70.8578,29.0864,29.52,61,100,12.55,overcast clouds
505,Kolokani,ML,13.5728,-8.0339,68.9,19,14,11.07,few clouds
506,Rio Gallegos,AR,-51.6226,-69.2181,55.45,88,75,4.61,broken clouds
507,Yol,IN,32.1667,76.2,58.59,43,0,3.31,clear sky
508,Malakal,SS,9.5334,31.6605,68.25,15,1,10.13,clear sky
509,Mizdah,LY,31.4451,12.9801,40.55,49,0,7.85,clear sky
510,Neftcala,AZ,39.3742,49.2472,42.01,80,70,7.34,broken clouds
511,Phonhong,LA,18.5007,102.4166,87.62,36,12,0.43,few clouds
512,Beloha,MG,-25.1667,45.05,82.36,49,0,8.66,clear sky
513,Namatanai,PG,-3.6667,152.4333,84.18,73,100,5.93,light rain
514,Gari,RU,59.4307,62.3497,3.27,92,90,3.18,overcast clouds
515,Bauchi,NG,10.5,10.0,54.57,34,64,3.69,broken clouds
516,Upata,VE,8.0086,-62.3989,65.03,88,24,3.51,few clouds
517,Katsuura,JP,35.1333,140.3,46.51,94,100,12.3,overcast clouds
518,Lasa,IT,46.6166,10.7002,34.68,75,54,7.96,broken clouds
519,Constantin Daicoviciu,RO,45.55,22.15,33.35,99,98,1.86,light snow
520,Belmonte,BR,-15.8631,-38.8828,75.7,86,48,4.88,scattered clouds
521,Natal,BR,-5.795,-35.2094,71.82,100,0,3.44,clear sky
522,Mahina,PF,-17.5065,-149.489,80.37,74,75,3.44,broken clouds
523,Muros,ES,42.7762,-9.0603,48.83,63,0,5.46,clear sky
524,Pachino,IT,36.7186,15.0907,44.64,70,45,11.39,scattered clouds
525,Sumenep,ID,-7.0167,113.8667,83.32,74,100,8.23,overcast clouds
526,Gjirokaster,AL,40.0758,20.1389,42.96,93,100,5.39,overcast clouds
527,Sao Gabriel Da Cachoeira,BR,-0.1303,-67.0892,72.75,97,99,1.66,overcast clouds
528,Batticaloa,LK,7.7102,81.6924,81.37,76,48,6.33,scattered clouds
529,Veseloyarsk,RU,51.2836,81.1056,3.11,91,90,5.03,overcast clouds
530,Undory,RU,54.6085,48.3928,6.04,100,97,3.89,overcast clouds
531,Jurm,AF,36.8648,70.8342,37.69,94,100,2.91,overcast clouds
532,Marsa Matruh,EG,31.3525,27.2453,46.6,87,20,10.36,few clouds
533,Riberalta,BO,-10.9833,-66.1,73.42,99,97,1.77,overcast clouds
534,Russell,US,32.3502,-85.1999,40.28,51,75,11.5,broken clouds
535,Sovetskaya Gavan,RU,48.9723,140.2878,8.38,65,100,8.01,overcast clouds
536,Kashi,CN,39.4547,75.9797,31.21,37,75,0.0,light snow
537,Lodja,CD,-3.4833,23.4333,69.42,94,100,4.59,light rain
538,Yagodnoye,RU,62.55,149.6667,0.19,98,100,4.45,overcast clouds
539,Tiarei,PF,-17.5333,-149.3333,80.62,75,21,16.17,light rain
540,Parfenyevo,RU,58.484,43.4088,10.62,96,100,6.76,overcast clouds
541,Kysyl-Syr,RU,63.8986,122.7617,-5.73,96,99,7.99,overcast clouds
542,Chiredzi,ZW,-21.05,31.6667,73.83,84,17,6.62,few clouds
543,Talavera,PH,15.6167,120.9333,90.63,49,14,5.32,few clouds
544,Fujin,CN,47.26,132.0322,2.46,79,17,14.32,few clouds
545,Velizh,RU,55.6056,31.1967,24.33,91,100,11.59,overcast clouds
546,Iraquara,BR,-12.2486,-41.6194,65.68,96,100,2.51,overcast clouds
547,Kargasok,RU,59.0556,80.8572,-0.17,96,88,5.32,overcast clouds
548,Mayo,US,38.8876,-76.5119,32.65,93,100,5.99,snow
549,Tutoia,BR,-2.7619,-42.2744,75.99,76,100,11.1,overcast clouds
550,Brownsville,US,25.9018,-97.4975,51.75,80,100,3.44,overcast clouds
551,Marawi,PH,7.9986,124.2928,74.64,68,37,3.8,scattered clouds
552,Kunda,IN,25.7167,81.5167,62.11,46,0,7.56,clear sky
553,Novyy Urengoy,RU,66.0833,76.6333,-17.14,100,81,5.79,broken clouds
554,Muisne,EC,0.6,-80.0333,74.23,91,97,1.63,light rain
555,Yabassi,CM,4.457,9.9682,74.84,87,100,2.13,overcast clouds
556,La Ronge,CA,55.1001,-105.2842,10.65,85,100,2.3,overcast clouds
557,Ahuimanu,US,21.4447,-157.8378,74.91,77,0,1.01,clear sky
558,Kurumkan,RU,54.3,110.3,-4.7,94,30,1.43,scattered clouds
559,Beyneu,KZ,45.3167,55.2,27.7,81,100,14.92,overcast clouds
560,Clocolan,ZA,-28.9137,27.5656,62.69,71,5,3.87,clear sky
561,Beni Mazar,EG,28.4962,30.8029,44.74,67,9,3.18,clear sky
562,Finschhafen,PG,-6.6024,147.8681,81.55,82,100,11.52,overcast clouds
563,Papetoai,PF,-17.4961,-149.8729,80.19,71,3,16.67,clear sky
564,Tobe,JP,33.7447,132.7901,50.88,43,75,8.05,broken clouds
565,Likasi,CD,-10.9814,26.7333,62.31,96,97,2.51,overcast clouds
566,Farkhor,TJ,37.4922,69.4036,45.48,93,100,10.22,overcast clouds
567,Oytal,KZ,42.9057,73.2697,37.89,63,100,4.41,overcast clouds
568,Surt,LY,31.2089,16.5887,52.59,58,1,13.44,clear sky
569,Ligayan,PH,4.6533,119.4706,82.56,69,65,4.12,broken clouds
570,Velykyy Burluk,UA,50.0379,37.3987,28.87,97,100,13.13,snow
571,Dauphin,CA,51.1494,-100.0502,10.54,85,100,2.3,overcast clouds
572,Ust-Ordynskiy,RU,52.805,104.7508,3.04,96,94,0.13,overcast clouds
573,Axim,GH,4.8699,-2.2405,76.62,85,37,3.27,scattered clouds
574,Praia Da Vitoria,PT,38.7333,-27.0667,56.75,82,40,10.04,scattered clouds
575,Daimiel,ES,39.07,-3.615,31.98,44,0,8.03,clear sky
576,Taber,CA,49.8167,-112.1518,43.0,25,26,18.41,scattered clouds
577,Chelbasskaya,RU,45.9792,39.3719,35.96,89,98,17.31,light rain
578,Buraydah,SA,26.326,43.975,50.45,37,83,9.17,broken clouds
579,Saint George,US,37.1041,-113.5841,45.36,30,0,1.99,clear sky
580,Avera,US,33.194,-82.5271,39.07,57,19,17.92,few clouds
581,Suntar,RU,62.1444,117.6319,-5.78,92,33,6.62,scattered clouds
582,Kawalu,ID,-7.3817,108.2082,85.08,63,100,2.98,overcast clouds
583,Manaquiri,BR,-3.3167,-60.35,77.45,98,97,0.96,overcast clouds
584,Vila,PT,42.0304,-8.1588,37.92,54,0,5.26,clear sky
585,Puerto Ayacucho,VE,5.6639,-67.6236,74.05,52,74,5.5,broken clouds
586,Morogoro,TZ,-6.8167,37.6667,70.41,99,100,2.1,heavy intensity rain
587,Lagoa,PT,39.05,-27.9833,57.81,58,17,10.89,few clouds
588,Avenal,US,36.0041,-120.129,50.54,38,23,2.39,few clouds
589,Loandjili,CG,-4.7561,11.8578,75.31,100,20,3.44,few clouds
590,Sola,VU,-13.8833,167.55,80.91,81,100,24.81,light rain
591,Ilukste,LV,55.9775,26.2966,23.54,90,94,7.23,overcast clouds
592,Tromso,NO,69.6496,18.957,15.82,86,0,2.3,clear sky
593,Foam Lake,CA,51.65,-103.5343,21.22,84,84,11.12,broken clouds
594,Lavrentiya,RU,65.5833,-171.0,-7.49,92,34,4.63,scattered clouds
595,Yomou,GN,7.5603,-9.2653,67.89,99,74,1.05,broken clouds
596,Escuintla,GT,14.305,-90.785,75.88,70,1,4.47,clear sky
597,Jacareacanga,BR,-6.2222,-57.7528,72.14,99,100,1.5,heavy intensity rain
598,Anori,BR,-3.7728,-61.6442,73.18,99,100,1.9,overcast clouds
599,Chyhyryn,UA,49.0838,32.6555,30.58,92,99,16.51,overcast clouds
600,Mackay,AU,-21.15,149.2,86.68,70,52,18.41,broken clouds
601,Fasa,IR,28.9383,53.6482,42.04,81,75,0.0,broken clouds
602,Ternate,ID,0.8,127.4,83.77,73,77,8.57,broken clouds
603,Henties Bay,NA,-22.116,14.2845,61.86,83,99,4.9,overcast clouds
604,Port Hawkesbury,CA,45.6169,-61.3485,35.19,93,75,5.99,light snow
605,Bowen,AU,-20.0167,148.2333,82.62,68,13,20.42,few clouds
606,Lesnoy,RU,57.6198,63.0784,4.39,96,100,3.18,overcast clouds
607,Leshan,CN,29.5623,103.7639,50.72,56,29,4.16,scattered clouds
608,Gat,IL,31.61,34.7642,47.08,100,97,6.93,overcast clouds
609,Hillsborough,US,37.5741,-122.3794,57.02,66,40,3.44,scattered clouds
610,Dalbandin,PK,28.8947,64.4101,61.7,34,0,0.85,clear sky
611,Touba,CI,8.2833,-7.6833,72.86,60,38,4.54,scattered clouds
612,Aksu,CN,41.1231,80.2644,29.08,37,90,2.39,overcast clouds
613,Silver City,US,32.7701,-108.2803,35.67,40,0,0.0,clear sky
614,Kudahuvadhoo,MV,2.6708,72.8944,80.69,64,41,10.85,scattered clouds
615,Punta Alta,AR,-38.8759,-62.0736,72.25,53,0,16.22,clear sky
616,Hambantota,LK,6.1241,81.1185,86.34,70,20,5.75,few clouds
617,Kainantu,PG,-6.2887,145.8655,65.61,90,100,1.07,overcast clouds
618,Tyukhtet,RU,56.5389,89.3011,7.72,90,99,4.99,overcast clouds
619,Labuan,MY,5.2767,115.2417,88.16,66,20,3.44,few clouds
620,Salinopolis,BR,-0.6136,-47.3561,76.5,89,100,14.47,light rain
621,Talcahuano,CL,-36.7167,-73.1167,60.48,88,100,5.75,overcast clouds
622,Erdenet,MN,49.0333,104.0833,2.8,81,99,4.5,overcast clouds
623,Kirchlinteln,DE,52.95,9.3167,44.58,92,100,18.34,overcast clouds
624,Aktash,RU,50.3,87.7333,-3.73,67,12,4.14,few clouds
625,Vestmannaeyjar,IS,63.4427,-20.2734,26.4,69,46,27.09,scattered clouds
626,Saint-Joseph,RE,-21.3667,55.6167,82.76,72,0,7.4,clear sky
627,Soyo,AO,-6.1349,12.3689,77.05,88,81,4.23,broken clouds
628,Tevriz,RU,57.509,72.4042,1.02,97,96,1.99,overcast clouds
629,Matias Barbosa,BR,-21.8692,-43.3194,65.25,83,100,2.95,heavy intensity rain
630,Lethem,GY,3.3803,-59.7968,78.08,66,75,12.44,broken clouds
631,Urusha,RU,54.05,122.9,11.37,58,88,10.36,overcast clouds
632,Santa Cruz Cabralia,BR,-16.2781,-39.0247,75.43,88,20,4.61,few clouds
633,Omboue,GA,-1.5746,9.2618,76.39,88,99,5.39,overcast clouds
634,Agadez,NE,19.75,10.25,49.64,25,0,8.97,clear sky
635,Yuli,NG,9.6989,10.2744,64.81,27,100,9.8,overcast clouds
636,Jackson,US,42.4165,-122.8345,47.44,51,0,0.0,clear sky
637,Saint Pete Beach,US,27.7253,-82.7412,57.2,65,75,4.0,broken clouds
638,Wajir,KE,1.7471,40.0573,75.61,71,34,14.58,scattered clouds
639,Windhoek,NA,-22.5594,17.0832,70.29,58,75,3.44,broken clouds
640,Vila Velha,BR,-20.3297,-40.2925,76.95,86,0,7.0,clear sky
641,Zhezkazgan,KZ,47.8043,67.7144,13.98,79,100,8.95,light snow
642,Cabras,IT,39.93,8.5314,42.1,86,35,7.7,scattered clouds
643,Dejen,ET,10.1667,38.1333,55.4,44,43,2.3,scattered clouds
644,Zhuhai,CN,22.2769,113.5678,69.71,73,20,9.22,few clouds
645,Armidale,AU,-30.5167,151.65,78.82,34,0,10.18,clear sky
646,Umm Lajj,SA,25.0213,37.2685,60.62,45,0,9.51,clear sky
647,Promissao,BR,-21.5367,-49.8581,68.45,97,100,7.67,overcast clouds
648,Lampazos De Naranjo,MX,27.0167,-100.5167,45.41,49,55,5.99,broken clouds
649,Kroya,ID,-7.6331,109.2461,91.2,70,64,5.03,broken clouds
650,Tocopilla,CL,-22.092,-70.1979,66.58,76,24,0.67,few clouds
651,Camacha,PT,33.0833,-16.3333,56.53,77,40,11.5,scattered clouds
652,Asenovgrad,BG,42.0167,24.8667,35.08,55,61,12.66,broken clouds
653,Ucluelet,CA,48.9329,-125.5528,45.09,88,58,1.01,broken clouds
654,Olga,RU,43.7444,135.2892,14.85,40,77,13.4,broken clouds
655,Faya,SA,18.3851,42.4509,55.51,86,35,7.05,scattered clouds
656,Pitimbu,BR,-7.4706,-34.8086,72.19,79,100,8.93,overcast clouds
657,Zhanaozen,KZ,43.3,52.8,28.42,75,69,4.05,broken clouds
658,Tomatlan,MX,19.9333,-105.25,65.44,81,17,1.88,few clouds
659,Grindavik,IS,63.8424,-22.4338,27.07,68,75,16.11,broken clouds
660,Taquari,BR,-29.7997,-51.8644,68.02,88,0,3.42,clear sky
661,Penzance,GB,50.1186,-5.5371,50.68,92,36,21.41,scattered clouds
662,Yelniki,RU,54.6207,43.876,16.25,95,100,9.91,light snow
663,Gympie,AU,-26.1898,152.665,81.32,57,51,10.47,broken clouds
664,Evensk,RU,61.95,159.2333,19.18,80,100,28.77,overcast clouds
665,Baghmara,IN,23.795,86.2085,64.98,34,0,7.87,clear sky
666,Piombino,IT,42.9348,10.5221,47.05,39,89,9.66,overcast clouds
667,Caravelas,BR,-17.7125,-39.2481,75.18,95,51,5.21,broken clouds
668,Wanning,CN,18.8003,110.3967,75.38,80,93,10.54,overcast clouds
669,Olinda,BR,-8.0089,-34.8553,73.13,94,75,4.61,light rain
670,Chudniv,UA,50.052,28.1175,27.39,89,100,18.41,overcast clouds
671,Ouadda,CF,8.0777,22.4007,64.51,20,74,8.61,broken clouds
672,Havre-Saint-Pierre,CA,50.2334,-63.5986,-0.4,65,0,10.36,clear sky
673,Mandalgovi,MN,45.7625,106.2708,6.64,79,100,6.71,overcast clouds
674,Dicabisagan,PH,17.0818,122.4157,83.12,73,43,7.25,scattered clouds
675,Tessalit,ML,20.1986,1.0114,59.79,16,12,11.97,few clouds
676,Kloulklubed,PW,7.0419,134.2556,84.7,78,72,12.39,broken clouds
677,Totma,RU,59.9747,42.7642,12.49,95,100,6.8,light snow
678,Grand Gaube,MU,-20.0064,57.6608,85.37,66,2,7.0,clear sky
679,Madang,PG,-5.2246,145.7966,78.85,87,100,4.12,overcast clouds
680,Lokomotivnyy,RU,53.0118,60.5684,5.85,95,100,6.22,overcast clouds
681,Guarapari,BR,-20.6667,-40.4975,76.89,89,88,11.65,overcast clouds
682,Manacapuru,BR,-3.2997,-60.6206,75.78,94,98,1.95,overcast clouds
683,Dawson Creek,CA,55.7666,-120.2362,38.84,52,0,16.11,clear sky
684,Sibolga,ID,1.7427,98.7792,86.92,62,100,6.15,overcast clouds
685,Angoram,PG,-4.0625,144.0661,80.55,92,96,1.74,overcast clouds
686,Ialibu,PG,-6.2821,143.9935,63.23,83,100,3.74,overcast clouds
687,Aktau,KZ,43.65,51.2,28.98,65,99,6.24,overcast clouds
688,Misratah,LY,32.3754,15.0925,52.09,61,0,15.9,clear sky
689,Show Low,US,34.2542,-110.0298,34.14,46,0,0.0,clear sky
690,Peace River,CA,56.2501,-117.286,34.11,69,100,9.22,overcast clouds
